model_key,dim_key,q_gate,sev_sum_gate,require_rule_match,recall,acc,delta_recall_vs_nollm,delta_acc_vs_nollm,pass_acc_guard,result_csv
hds5c3030ala630,full70,0.0,0.0,0,65.0,99.882421249,-30.0,9.770146730999997,True,/root/autodl-tmp/StreamDFP/hi7_example/phase3b7_hds5c3030ala630_full70_q00_s00_r0_qwen35p20k_D10_H05000_i10.csv
hds5c3030ala630,full70,0.0,0.0,1,65.0,99.882421249,-30.0,9.770146730999997,True,/root/autodl-tmp/StreamDFP/hi7_example/phase3b7_hds5c3030ala630_full70_q00_s00_r1_qwen35p20k_D10_H05000_i10.csv
hds5c3030ala630,full70,0.0,0.8,0,65.0,99.882421249,-30.0,9.770146730999997,True,/root/autodl-tmp/StreamDFP/hi7_example/phase3b7_hds5c3030ala630_full70_q00_s08_r0_qwen35p20k_D10_H05000_i10.csv
hds5c3030ala630,full70,0.0,0.8,1,65.0,99.882421249,-30.0,9.770146730999997,True,/root/autodl-tmp/StreamDFP/hi7_example/phase3b7_hds5c3030ala630_full70_q00_s08_r1_qwen35p20k_D10_H05000_i10.csv
hds5c3030ala630,full70,0.35,0.0,0,65.0,99.882421249,-30.0,9.770146730999997,True,/root/autodl-tmp/StreamDFP/hi7_example/phase3b7_hds5c3030ala630_full70_q35_s00_r0_qwen35p20k_D10_H05000_i10.csv
hds5c3030ala630,full70,0.35,0.0,1,65.0,99.882421249,-30.0,9.770146730999997,True,/root/autodl-tmp/StreamDFP/hi7_example/phase3b7_hds5c3030ala630_full70_q35_s00_r1_qwen35p20k_D10_H05000_i10.csv
hds5c3030ala630,full70,0.35,0.8,0,65.0,99.882421249,-30.0,9.770146730999997,True,/root/autodl-tmp/StreamDFP/hi7_example/phase3b7_hds5c3030ala630_full70_q35_s08_r0_qwen35p20k_D10_H05000_i10.csv
hds5c3030ala630,full70,0.35,0.8,1,65.0,99.882421249,-30.0,9.770146730999997,True,/root/autodl-tmp/StreamDFP/hi7_example/phase3b7_hds5c3030ala630_full70_q35_s08_r1_qwen35p20k_D10_H05000_i10.csv
hds5c3030ala630,full70,0.55,0.0,0,65.0,99.882421249,-30.0,9.770146730999997,True,/root/autodl-tmp/StreamDFP/hi7_example/phase3b7_hds5c3030ala630_full70_q55_s00_r0_qwen35p20k_D10_H05000_i10.csv
hds5c3030ala630,full70,0.55,0.0,1,65.0,99.882421249,-30.0,9.770146730999997,True,/root/autodl-tmp/StreamDFP/hi7_example/phase3b7_hds5c3030ala630_full70_q55_s00_r1_qwen35p20k_D10_H05000_i10.csv
hds5c3030ala630,full70,0.55,0.8,0,65.0,99.882421249,-30.0,9.770146730999997,True,/root/autodl-tmp/StreamDFP/hi7_example/phase3b7_hds5c3030ala630_full70_q55_s08_r0_qwen35p20k_D10_H05000_i10.csv
hds5c3030ala630,full70,0.55,0.8,1,65.0,99.882421249,-30.0,9.770146730999997,True,/root/autodl-tmp/StreamDFP/hi7_example/phase3b7_hds5c3030ala630_full70_q55_s08_r1_qwen35p20k_D10_H05000_i10.csv
hds5c3030ala630,compact9,0.0,0.0,0,40.0,99.897662308,-55.0,9.785387789999987,True,/root/autodl-tmp/StreamDFP/hi7_example/phase3b7_hds5c3030ala630_compact9_q00_s00_r0_qwen35p20k_D10_H05000_i10.csv
hds5c3030ala630,compact9,0.0,0.0,1,40.0,99.897662308,-55.0,9.785387789999987,True,/root/autodl-tmp/StreamDFP/hi7_example/phase3b7_hds5c3030ala630_compact9_q00_s00_r1_qwen35p20k_D10_H05000_i10.csv
hds5c3030ala630,compact9,0.0,0.8,0,40.0,99.897662308,-55.0,9.785387789999987,True,/root/autodl-tmp/StreamDFP/hi7_example/phase3b7_hds5c3030ala630_compact9_q00_s08_r0_qwen35p20k_D10_H05000_i10.csv
hds5c3030ala630,compact9,0.0,0.8,1,40.0,99.897662308,-55.0,9.785387789999987,True,/root/autodl-tmp/StreamDFP/hi7_example/phase3b7_hds5c3030ala630_compact9_q00_s08_r1_qwen35p20k_D10_H05000_i10.csv
hds5c3030ala630,compact9,0.35,0.0,0,40.0,99.897662308,-55.0,9.785387789999987,True,/root/autodl-tmp/StreamDFP/hi7_example/phase3b7_hds5c3030ala630_compact9_q35_s00_r0_qwen35p20k_D10_H05000_i10.csv
hds5c3030ala630,compact9,0.35,0.0,1,40.0,99.897662308,-55.0,9.785387789999987,True,/root/autodl-tmp/StreamDFP/hi7_example/phase3b7_hds5c3030ala630_compact9_q35_s00_r1_qwen35p20k_D10_H05000_i10.csv
hds5c3030ala630,compact9,0.35,0.8,0,40.0,99.897662308,-55.0,9.785387789999987,True,/root/autodl-tmp/StreamDFP/hi7_example/phase3b7_hds5c3030ala630_compact9_q35_s08_r0_qwen35p20k_D10_H05000_i10.csv
hds5c3030ala630,compact9,0.35,0.8,1,40.0,99.897662308,-55.0,9.785387789999987,True,/root/autodl-tmp/StreamDFP/hi7_example/phase3b7_hds5c3030ala630_compact9_q35_s08_r1_qwen35p20k_D10_H05000_i10.csv
hds5c3030ala630,compact9,0.55,0.0,0,40.0,99.897662308,-55.0,9.785387789999987,True,/root/autodl-tmp/StreamDFP/hi7_example/phase3b7_hds5c3030ala630_compact9_q55_s00_r0_qwen35p20k_D10_H05000_i10.csv
hds5c3030ala630,compact9,0.55,0.0,1,40.0,99.897662308,-55.0,9.785387789999987,True,/root/autodl-tmp/StreamDFP/hi7_example/phase3b7_hds5c3030ala630_compact9_q55_s00_r1_qwen35p20k_D10_H05000_i10.csv
hds5c3030ala630,compact9,0.55,0.8,0,40.0,99.897662308,-55.0,9.785387789999987,True,/root/autodl-tmp/StreamDFP/hi7_example/phase3b7_hds5c3030ala630_compact9_q55_s08_r0_qwen35p20k_D10_H05000_i10.csv
hds5c3030ala630,compact9,0.55,0.8,1,40.0,99.897662308,-55.0,9.785387789999987,True,/root/autodl-tmp/StreamDFP/hi7_example/phase3b7_hds5c3030ala630_compact9_q55_s08_r1_qwen35p20k_D10_H05000_i10.csv
hds5c3030ala630,compact14,0.0,0.0,0,0.0,99.93467799599999,-95.0,9.822403477999984,True,/root/autodl-tmp/StreamDFP/hi7_example/phase3b7_hds5c3030ala630_compact14_q00_s00_r0_qwen35p20k_D10_H05000_i10.csv
hds5c3030ala630,compact14,0.0,0.0,1,0.0,99.93467799599999,-95.0,9.822403477999984,True,/root/autodl-tmp/StreamDFP/hi7_example/phase3b7_hds5c3030ala630_compact14_q00_s00_r1_qwen35p20k_D10_H05000_i10.csv
hds5c3030ala630,compact14,0.0,0.8,0,0.0,99.93467799599999,-95.0,9.822403477999984,True,/root/autodl-tmp/StreamDFP/hi7_example/phase3b7_hds5c3030ala630_compact14_q00_s08_r0_qwen35p20k_D10_H05000_i10.csv
hds5c3030ala630,compact14,0.0,0.8,1,0.0,99.93467799599999,-95.0,9.822403477999984,True,/root/autodl-tmp/StreamDFP/hi7_example/phase3b7_hds5c3030ala630_compact14_q00_s08_r1_qwen35p20k_D10_H05000_i10.csv
hds5c3030ala630,compact14,0.35,0.0,0,0.0,99.93467799599999,-95.0,9.822403477999984,True,/root/autodl-tmp/StreamDFP/hi7_example/phase3b7_hds5c3030ala630_compact14_q35_s00_r0_qwen35p20k_D10_H05000_i10.csv
hds5c3030ala630,compact14,0.35,0.0,1,0.0,99.93467799599999,-95.0,9.822403477999984,True,/root/autodl-tmp/StreamDFP/hi7_example/phase3b7_hds5c3030ala630_compact14_q35_s00_r1_qwen35p20k_D10_H05000_i10.csv
hds5c3030ala630,compact14,0.35,0.8,0,0.0,99.93467799599999,-95.0,9.822403477999984,True,/root/autodl-tmp/StreamDFP/hi7_example/phase3b7_hds5c3030ala630_compact14_q35_s08_r0_qwen35p20k_D10_H05000_i10.csv
hds5c3030ala630,compact14,0.35,0.8,1,0.0,99.93467799599999,-95.0,9.822403477999984,True,/root/autodl-tmp/StreamDFP/hi7_example/phase3b7_hds5c3030ala630_compact14_q35_s08_r1_qwen35p20k_D10_H05000_i10.csv
hds5c3030ala630,compact14,0.55,0.0,0,0.0,99.93467799599999,-95.0,9.822403477999984,True,/root/autodl-tmp/StreamDFP/hi7_example/phase3b7_hds5c3030ala630_compact14_q55_s00_r0_qwen35p20k_D10_H05000_i10.csv
hds5c3030ala630,compact14,0.55,0.0,1,0.0,99.93467799599999,-95.0,9.822403477999984,True,/root/autodl-tmp/StreamDFP/hi7_example/phase3b7_hds5c3030ala630_compact14_q55_s00_r1_qwen35p20k_D10_H05000_i10.csv
hds5c3030ala630,compact14,0.55,0.8,0,0.0,99.93467799599999,-95.0,9.822403477999984,True,/root/autodl-tmp/StreamDFP/hi7_example/phase3b7_hds5c3030ala630_compact14_q55_s08_r0_qwen35p20k_D10_H05000_i10.csv
hds5c3030ala630,compact14,0.55,0.8,1,0.0,99.93467799599999,-95.0,9.822403477999984,True,/root/autodl-tmp/StreamDFP/hi7_example/phase3b7_hds5c3030ala630_compact14_q55_s08_r1_qwen35p20k_D10_H05000_i10.csv
hgsthms5c4040ale640,full70,0.0,0.0,0,75.892857142,99.444676824,0.6547619029999936,0.048340941999995835,True,/root/autodl-tmp/StreamDFP/hi7_example/phase3b7_hgsthms5c4040ale640_full70_q00_s00_r0_qwen35p20k_D10_H05000_i10.csv
hgsthms5c4040ale640,full70,0.0,0.0,1,75.892857142,99.444676824,0.6547619029999936,0.048340941999995835,True,/root/autodl-tmp/StreamDFP/hi7_example/phase3b7_hgsthms5c4040ale640_full70_q00_s00_r1_qwen35p20k_D10_H05000_i10.csv
hgsthms5c4040ale640,full70,0.0,0.8,0,75.892857142,99.444676824,0.6547619029999936,0.048340941999995835,True,/root/autodl-tmp/StreamDFP/hi7_example/phase3b7_hgsthms5c4040ale640_full70_q00_s08_r0_qwen35p20k_D10_H05000_i10.csv
hgsthms5c4040ale640,full70,0.0,0.8,1,75.892857142,99.444676824,0.6547619029999936,0.048340941999995835,True,/root/autodl-tmp/StreamDFP/hi7_example/phase3b7_hgsthms5c4040ale640_full70_q00_s08_r1_qwen35p20k_D10_H05000_i10.csv
hgsthms5c4040ale640,full70,0.35,0.0,0,75.892857142,99.444676824,0.6547619029999936,0.048340941999995835,True,/root/autodl-tmp/StreamDFP/hi7_example/phase3b7_hgsthms5c4040ale640_full70_q35_s00_r0_qwen35p20k_D10_H05000_i10.csv
hgsthms5c4040ale640,full70,0.35,0.0,1,75.892857142,99.444676824,0.6547619029999936,0.048340941999995835,True,/root/autodl-tmp/StreamDFP/hi7_example/phase3b7_hgsthms5c4040ale640_full70_q35_s00_r1_qwen35p20k_D10_H05000_i10.csv
hgsthms5c4040ale640,full70,0.35,0.8,0,75.892857142,99.444676824,0.6547619029999936,0.048340941999995835,True,/root/autodl-tmp/StreamDFP/hi7_example/phase3b7_hgsthms5c4040ale640_full70_q35_s08_r0_qwen35p20k_D10_H05000_i10.csv
hgsthms5c4040ale640,full70,0.35,0.8,1,75.892857142,99.444676824,0.6547619029999936,0.048340941999995835,True,/root/autodl-tmp/StreamDFP/hi7_example/phase3b7_hgsthms5c4040ale640_full70_q35_s08_r1_qwen35p20k_D10_H05000_i10.csv
hgsthms5c4040ale640,full70,0.55,0.0,0,75.892857142,99.444676824,0.6547619029999936,0.048340941999995835,True,/root/autodl-tmp/StreamDFP/hi7_example/phase3b7_hgsthms5c4040ale640_full70_q55_s00_r0_qwen35p20k_D10_H05000_i10.csv
hgsthms5c4040ale640,full70,0.55,0.0,1,75.892857142,99.444676824,0.6547619029999936,0.048340941999995835,True,/root/autodl-tmp/StreamDFP/hi7_example/phase3b7_hgsthms5c4040ale640_full70_q55_s00_r1_qwen35p20k_D10_H05000_i10.csv
hgsthms5c4040ale640,full70,0.55,0.8,0,75.892857142,99.444676824,0.6547619029999936,0.048340941999995835,True,/root/autodl-tmp/StreamDFP/hi7_example/phase3b7_hgsthms5c4040ale640_full70_q55_s08_r0_qwen35p20k_D10_H05000_i10.csv
hgsthms5c4040ale640,full70,0.55,0.8,1,75.892857142,99.444676824,0.6547619029999936,0.048340941999995835,True,/root/autodl-tmp/StreamDFP/hi7_example/phase3b7_hgsthms5c4040ale640_full70_q55_s08_r1_qwen35p20k_D10_H05000_i10.csv
hgsthms5c4040ale640,compact14,0.0,0.0,0,64.047619048,99.46137578,-11.190476191000002,0.06503989799999488,True,/root/autodl-tmp/StreamDFP/hi7_example/phase3b7_hgsthms5c4040ale640_compact14_q00_s00_r0_qwen35p20k_D10_H05000_i10.csv
hgsthms5c4040ale640,compact14,0.0,0.0,1,64.047619048,99.46137578,-11.190476191000002,0.06503989799999488,True,/root/autodl-tmp/StreamDFP/hi7_example/phase3b7_hgsthms5c4040ale640_compact14_q00_s00_r1_qwen35p20k_D10_H05000_i10.csv
hgsthms5c4040ale640,compact14,0.0,0.8,0,64.047619048,99.46137578,-11.190476191000002,0.06503989799999488,True,/root/autodl-tmp/StreamDFP/hi7_example/phase3b7_hgsthms5c4040ale640_compact14_q00_s08_r0_qwen35p20k_D10_H05000_i10.csv
hgsthms5c4040ale640,compact14,0.0,0.8,1,64.047619048,99.46137578,-11.190476191000002,0.06503989799999488,True,/root/autodl-tmp/StreamDFP/hi7_example/phase3b7_hgsthms5c4040ale640_compact14_q00_s08_r1_qwen35p20k_D10_H05000_i10.csv
hgsthms5c4040ale640,compact14,0.35,0.0,0,64.047619048,99.46137578,-11.190476191000002,0.06503989799999488,True,/root/autodl-tmp/StreamDFP/hi7_example/phase3b7_hgsthms5c4040ale640_compact14_q35_s00_r0_qwen35p20k_D10_H05000_i10.csv
hgsthms5c4040ale640,compact14,0.35,0.0,1,64.047619048,99.46137578,-11.190476191000002,0.06503989799999488,True,/root/autodl-tmp/StreamDFP/hi7_example/phase3b7_hgsthms5c4040ale640_compact14_q35_s00_r1_qwen35p20k_D10_H05000_i10.csv
hgsthms5c4040ale640,compact14,0.35,0.8,0,64.047619048,99.46137578,-11.190476191000002,0.06503989799999488,True,/root/autodl-tmp/StreamDFP/hi7_example/phase3b7_hgsthms5c4040ale640_compact14_q35_s08_r0_qwen35p20k_D10_H05000_i10.csv
hgsthms5c4040ale640,compact14,0.35,0.8,1,64.047619048,99.46137578,-11.190476191000002,0.06503989799999488,True,/root/autodl-tmp/StreamDFP/hi7_example/phase3b7_hgsthms5c4040ale640_compact14_q35_s08_r1_qwen35p20k_D10_H05000_i10.csv
hgsthms5c4040ale640,compact14,0.55,0.0,0,64.047619048,99.46137578,-11.190476191000002,0.06503989799999488,True,/root/autodl-tmp/StreamDFP/hi7_example/phase3b7_hgsthms5c4040ale640_compact14_q55_s00_r0_qwen35p20k_D10_H05000_i10.csv
hgsthms5c4040ale640,compact14,0.55,0.0,1,64.047619048,99.46137578,-11.190476191000002,0.06503989799999488,True,/root/autodl-tmp/StreamDFP/hi7_example/phase3b7_hgsthms5c4040ale640_compact14_q55_s00_r1_qwen35p20k_D10_H05000_i10.csv
hgsthms5c4040ale640,compact14,0.55,0.8,0,64.047619048,99.46137578,-11.190476191000002,0.06503989799999488,True,/root/autodl-tmp/StreamDFP/hi7_example/phase3b7_hgsthms5c4040ale640_compact14_q55_s08_r0_qwen35p20k_D10_H05000_i10.csv
hgsthms5c4040ale640,compact14,0.55,0.8,1,64.047619048,99.46137578,-11.190476191000002,0.06503989799999488,True,/root/autodl-tmp/StreamDFP/hi7_example/phase3b7_hgsthms5c4040ale640_compact14_q55_s08_r1_qwen35p20k_D10_H05000_i10.csv
hgsthms5c4040ale640,compact9,0.0,0.0,0,56.90476190500001,99.49602609600001,-18.333333333999995,0.099690214000006,True,/root/autodl-tmp/StreamDFP/hi7_example/phase3b7_hgsthms5c4040ale640_compact9_q00_s00_r0_qwen35p20k_D10_H05000_i10.csv
hgsthms5c4040ale640,compact9,0.0,0.0,1,56.90476190500001,99.49602609600001,-18.333333333999995,0.099690214000006,True,/root/autodl-tmp/StreamDFP/hi7_example/phase3b7_hgsthms5c4040ale640_compact9_q00_s00_r1_qwen35p20k_D10_H05000_i10.csv
hgsthms5c4040ale640,compact9,0.0,0.8,0,56.90476190500001,99.49602609600001,-18.333333333999995,0.099690214000006,True,/root/autodl-tmp/StreamDFP/hi7_example/phase3b7_hgsthms5c4040ale640_compact9_q00_s08_r0_qwen35p20k_D10_H05000_i10.csv
hgsthms5c4040ale640,compact9,0.0,0.8,1,56.90476190500001,99.49602609600001,-18.333333333999995,0.099690214000006,True,/root/autodl-tmp/StreamDFP/hi7_example/phase3b7_hgsthms5c4040ale640_compact9_q00_s08_r1_qwen35p20k_D10_H05000_i10.csv
hgsthms5c4040ale640,compact9,0.35,0.0,0,56.90476190500001,99.49602609600001,-18.333333333999995,0.099690214000006,True,/root/autodl-tmp/StreamDFP/hi7_example/phase3b7_hgsthms5c4040ale640_compact9_q35_s00_r0_qwen35p20k_D10_H05000_i10.csv
hgsthms5c4040ale640,compact9,0.35,0.0,1,56.90476190500001,99.49602609600001,-18.333333333999995,0.099690214000006,True,/root/autodl-tmp/StreamDFP/hi7_example/phase3b7_hgsthms5c4040ale640_compact9_q35_s00_r1_qwen35p20k_D10_H05000_i10.csv
hgsthms5c4040ale640,compact9,0.35,0.8,0,56.90476190500001,99.49602609600001,-18.333333333999995,0.099690214000006,True,/root/autodl-tmp/StreamDFP/hi7_example/phase3b7_hgsthms5c4040ale640_compact9_q35_s08_r0_qwen35p20k_D10_H05000_i10.csv
hgsthms5c4040ale640,compact9,0.35,0.8,1,56.90476190500001,99.49602609600001,-18.333333333999995,0.099690214000006,True,/root/autodl-tmp/StreamDFP/hi7_example/phase3b7_hgsthms5c4040ale640_compact9_q35_s08_r1_qwen35p20k_D10_H05000_i10.csv
hgsthms5c4040ale640,compact9,0.55,0.0,0,56.90476190500001,99.49602609600001,-18.333333333999995,0.099690214000006,True,/root/autodl-tmp/StreamDFP/hi7_example/phase3b7_hgsthms5c4040ale640_compact9_q55_s00_r0_qwen35p20k_D10_H05000_i10.csv
hgsthms5c4040ale640,compact9,0.55,0.0,1,56.90476190500001,99.49602609600001,-18.333333333999995,0.099690214000006,True,/root/autodl-tmp/StreamDFP/hi7_example/phase3b7_hgsthms5c4040ale640_compact9_q55_s00_r1_qwen35p20k_D10_H05000_i10.csv
hgsthms5c4040ale640,compact9,0.55,0.8,0,56.90476190500001,99.49602609600001,-18.333333333999995,0.099690214000006,True,/root/autodl-tmp/StreamDFP/hi7_example/phase3b7_hgsthms5c4040ale640_compact9_q55_s08_r0_qwen35p20k_D10_H05000_i10.csv
hgsthms5c4040ale640,compact9,0.55,0.8,1,56.90476190500001,99.49602609600001,-18.333333333999995,0.099690214000006,True,/root/autodl-tmp/StreamDFP/hi7_example/phase3b7_hgsthms5c4040ale640_compact9_q55_s08_r1_qwen35p20k_D10_H05000_i10.csv
hitachihds5c4040ale630,compact9,0.0,0.0,0,0.0,99.921340354,0.0,0.0,True,/root/autodl-tmp/StreamDFP/hi7_example/phase3b7_hitachihds5c4040ale630_compact9_q00_s00_r0_qwen35p20k_D10_H05000_i10.csv
hitachihds5c4040ale630,compact9,0.0,0.0,1,0.0,99.921340354,0.0,0.0,True,/root/autodl-tmp/StreamDFP/hi7_example/phase3b7_hitachihds5c4040ale630_compact9_q00_s00_r1_qwen35p20k_D10_H05000_i10.csv
hitachihds5c4040ale630,compact9,0.0,0.8,0,0.0,99.921340354,0.0,0.0,True,/root/autodl-tmp/StreamDFP/hi7_example/phase3b7_hitachihds5c4040ale630_compact9_q00_s08_r0_qwen35p20k_D10_H05000_i10.csv
hitachihds5c4040ale630,compact9,0.0,0.8,1,0.0,99.921340354,0.0,0.0,True,/root/autodl-tmp/StreamDFP/hi7_example/phase3b7_hitachihds5c4040ale630_compact9_q00_s08_r1_qwen35p20k_D10_H05000_i10.csv
hitachihds5c4040ale630,compact9,0.35,0.0,0,0.0,99.921340354,0.0,0.0,True,/root/autodl-tmp/StreamDFP/hi7_example/phase3b7_hitachihds5c4040ale630_compact9_q35_s00_r0_qwen35p20k_D10_H05000_i10.csv
hitachihds5c4040ale630,compact9,0.35,0.0,1,0.0,99.921340354,0.0,0.0,True,/root/autodl-tmp/StreamDFP/hi7_example/phase3b7_hitachihds5c4040ale630_compact9_q35_s00_r1_qwen35p20k_D10_H05000_i10.csv
hitachihds5c4040ale630,compact9,0.35,0.8,0,0.0,99.921340354,0.0,0.0,True,/root/autodl-tmp/StreamDFP/hi7_example/phase3b7_hitachihds5c4040ale630_compact9_q35_s08_r0_qwen35p20k_D10_H05000_i10.csv
hitachihds5c4040ale630,compact9,0.35,0.8,1,0.0,99.921340354,0.0,0.0,True,/root/autodl-tmp/StreamDFP/hi7_example/phase3b7_hitachihds5c4040ale630_compact9_q35_s08_r1_qwen35p20k_D10_H05000_i10.csv
hitachihds5c4040ale630,compact9,0.55,0.0,0,0.0,99.921340354,0.0,0.0,True,/root/autodl-tmp/StreamDFP/hi7_example/phase3b7_hitachihds5c4040ale630_compact9_q55_s00_r0_qwen35p20k_D10_H05000_i10.csv
hitachihds5c4040ale630,compact9,0.55,0.0,1,0.0,99.921340354,0.0,0.0,True,/root/autodl-tmp/StreamDFP/hi7_example/phase3b7_hitachihds5c4040ale630_compact9_q55_s00_r1_qwen35p20k_D10_H05000_i10.csv
hitachihds5c4040ale630,compact9,0.55,0.8,0,0.0,99.921340354,0.0,0.0,True,/root/autodl-tmp/StreamDFP/hi7_example/phase3b7_hitachihds5c4040ale630_compact9_q55_s08_r0_qwen35p20k_D10_H05000_i10.csv
hitachihds5c4040ale630,compact9,0.55,0.8,1,0.0,99.921340354,0.0,0.0,True,/root/autodl-tmp/StreamDFP/hi7_example/phase3b7_hitachihds5c4040ale630_compact9_q55_s08_r1_qwen35p20k_D10_H05000_i10.csv
hitachihds5c4040ale630,compact14,0.0,0.0,0,0.0,99.921340354,0.0,0.0,True,/root/autodl-tmp/StreamDFP/hi7_example/phase3b7_hitachihds5c4040ale630_compact14_q00_s00_r0_qwen35p20k_D10_H05000_i10.csv
hitachihds5c4040ale630,compact14,0.0,0.0,1,0.0,99.921340354,0.0,0.0,True,/root/autodl-tmp/StreamDFP/hi7_example/phase3b7_hitachihds5c4040ale630_compact14_q00_s00_r1_qwen35p20k_D10_H05000_i10.csv
hitachihds5c4040ale630,compact14,0.0,0.8,0,0.0,99.921340354,0.0,0.0,True,/root/autodl-tmp/StreamDFP/hi7_example/phase3b7_hitachihds5c4040ale630_compact14_q00_s08_r0_qwen35p20k_D10_H05000_i10.csv
hitachihds5c4040ale630,compact14,0.0,0.8,1,0.0,99.921340354,0.0,0.0,True,/root/autodl-tmp/StreamDFP/hi7_example/phase3b7_hitachihds5c4040ale630_compact14_q00_s08_r1_qwen35p20k_D10_H05000_i10.csv
hitachihds5c4040ale630,compact14,0.35,0.0,0,0.0,99.921340354,0.0,0.0,True,/root/autodl-tmp/StreamDFP/hi7_example/phase3b7_hitachihds5c4040ale630_compact14_q35_s00_r0_qwen35p20k_D10_H05000_i10.csv
hitachihds5c4040ale630,compact14,0.35,0.0,1,0.0,99.921340354,0.0,0.0,True,/root/autodl-tmp/StreamDFP/hi7_example/phase3b7_hitachihds5c4040ale630_compact14_q35_s00_r1_qwen35p20k_D10_H05000_i10.csv
hitachihds5c4040ale630,compact14,0.35,0.8,0,0.0,99.921340354,0.0,0.0,True,/root/autodl-tmp/StreamDFP/hi7_example/phase3b7_hitachihds5c4040ale630_compact14_q35_s08_r0_qwen35p20k_D10_H05000_i10.csv
hitachihds5c4040ale630,compact14,0.35,0.8,1,0.0,99.921340354,0.0,0.0,True,/root/autodl-tmp/StreamDFP/hi7_example/phase3b7_hitachihds5c4040ale630_compact14_q35_s08_r1_qwen35p20k_D10_H05000_i10.csv
hitachihds5c4040ale630,compact14,0.55,0.0,0,0.0,99.921340354,0.0,0.0,True,/root/autodl-tmp/StreamDFP/hi7_example/phase3b7_hitachihds5c4040ale630_compact14_q55_s00_r0_qwen35p20k_D10_H05000_i10.csv
hitachihds5c4040ale630,compact14,0.55,0.0,1,0.0,99.921340354,0.0,0.0,True,/root/autodl-tmp/StreamDFP/hi7_example/phase3b7_hitachihds5c4040ale630_compact14_q55_s00_r1_qwen35p20k_D10_H05000_i10.csv
hitachihds5c4040ale630,compact14,0.55,0.8,0,0.0,99.921340354,0.0,0.0,True,/root/autodl-tmp/StreamDFP/hi7_example/phase3b7_hitachihds5c4040ale630_compact14_q55_s08_r0_qwen35p20k_D10_H05000_i10.csv
hitachihds5c4040ale630,compact14,0.55,0.8,1,0.0,99.921340354,0.0,0.0,True,/root/autodl-tmp/StreamDFP/hi7_example/phase3b7_hitachihds5c4040ale630_compact14_q55_s08_r1_qwen35p20k_D10_H05000_i10.csv
hitachihds5c4040ale630,full70,0.0,0.0,0,0.0,99.921340354,0.0,0.0,True,/root/autodl-tmp/StreamDFP/hi7_example/phase3b7_hitachihds5c4040ale630_full70_q00_s00_r0_qwen35p20k_D10_H05000_i10.csv
hitachihds5c4040ale630,full70,0.0,0.0,1,0.0,99.921340354,0.0,0.0,True,/root/autodl-tmp/StreamDFP/hi7_example/phase3b7_hitachihds5c4040ale630_full70_q00_s00_r1_qwen35p20k_D10_H05000_i10.csv
hitachihds5c4040ale630,full70,0.0,0.8,0,0.0,99.921340354,0.0,0.0,True,/root/autodl-tmp/StreamDFP/hi7_example/phase3b7_hitachihds5c4040ale630_full70_q00_s08_r0_qwen35p20k_D10_H05000_i10.csv
hitachihds5c4040ale630,full70,0.0,0.8,1,0.0,99.921340354,0.0,0.0,True,/root/autodl-tmp/StreamDFP/hi7_example/phase3b7_hitachihds5c4040ale630_full70_q00_s08_r1_qwen35p20k_D10_H05000_i10.csv
hitachihds5c4040ale630,full70,0.35,0.0,0,0.0,99.921340354,0.0,0.0,True,/root/autodl-tmp/StreamDFP/hi7_example/phase3b7_hitachihds5c4040ale630_full70_q35_s00_r0_qwen35p20k_D10_H05000_i10.csv
hitachihds5c4040ale630,full70,0.35,0.0,1,0.0,99.921340354,0.0,0.0,True,/root/autodl-tmp/StreamDFP/hi7_example/phase3b7_hitachihds5c4040ale630_full70_q35_s00_r1_qwen35p20k_D10_H05000_i10.csv
hitachihds5c4040ale630,full70,0.35,0.8,0,0.0,99.921340354,0.0,0.0,True,/root/autodl-tmp/StreamDFP/hi7_example/phase3b7_hitachihds5c4040ale630_full70_q35_s08_r0_qwen35p20k_D10_H05000_i10.csv
hitachihds5c4040ale630,full70,0.35,0.8,1,0.0,99.921340354,0.0,0.0,True,/root/autodl-tmp/StreamDFP/hi7_example/phase3b7_hitachihds5c4040ale630_full70_q35_s08_r1_qwen35p20k_D10_H05000_i10.csv
hitachihds5c4040ale630,full70,0.55,0.0,0,0.0,99.921340354,0.0,0.0,True,/root/autodl-tmp/StreamDFP/hi7_example/phase3b7_hitachihds5c4040ale630_full70_q55_s00_r0_qwen35p20k_D10_H05000_i10.csv
hitachihds5c4040ale630,full70,0.55,0.0,1,0.0,99.921340354,0.0,0.0,True,/root/autodl-tmp/StreamDFP/hi7_example/phase3b7_hitachihds5c4040ale630_full70_q55_s00_r1_qwen35p20k_D10_H05000_i10.csv
hitachihds5c4040ale630,full70,0.55,0.8,0,0.0,99.921340354,0.0,0.0,True,/root/autodl-tmp/StreamDFP/hi7_example/phase3b7_hitachihds5c4040ale630_full70_q55_s08_r0_qwen35p20k_D10_H05000_i10.csv
hitachihds5c4040ale630,full70,0.55,0.8,1,0.0,99.921340354,0.0,0.0,True,/root/autodl-tmp/StreamDFP/hi7_example/phase3b7_hitachihds5c4040ale630_full70_q55_s08_r1_qwen35p20k_D10_H05000_i10.csv
st31500341as,compact9,0.0,0.8,0,70.238095239,99.438121346,1.6666666659999834,0.08474576199999717,True,/root/autodl-tmp/StreamDFP/hi7_example/phase3b7_st31500341as_compact9_q00_s08_r0_qwen35p20k_D10_H05000_i10.csv
st31500341as,compact9,0.0,0.8,1,70.238095239,99.438121346,1.6666666659999834,0.08474576199999717,True,/root/autodl-tmp/StreamDFP/hi7_example/phase3b7_st31500341as_compact9_q00_s08_r1_qwen35p20k_D10_H05000_i10.csv
st31500341as,compact9,0.35,0.8,0,70.238095239,99.438121346,1.6666666659999834,0.08474576199999717,True,/root/autodl-tmp/StreamDFP/hi7_example/phase3b7_st31500341as_compact9_q35_s08_r0_qwen35p20k_D10_H05000_i10.csv
st31500341as,compact9,0.35,0.8,1,70.238095239,99.438121346,1.6666666659999834,0.08474576199999717,True,/root/autodl-tmp/StreamDFP/hi7_example/phase3b7_st31500341as_compact9_q35_s08_r1_qwen35p20k_D10_H05000_i10.csv
st31500341as,compact9,0.55,0.8,0,70.238095239,99.438121346,1.6666666659999834,0.08474576199999717,True,/root/autodl-tmp/StreamDFP/hi7_example/phase3b7_st31500341as_compact9_q55_s08_r0_qwen35p20k_D10_H05000_i10.csv
st31500341as,compact9,0.55,0.8,1,70.238095239,99.438121346,1.6666666659999834,0.08474576199999717,True,/root/autodl-tmp/StreamDFP/hi7_example/phase3b7_st31500341as_compact9_q55_s08_r1_qwen35p20k_D10_H05000_i10.csv
st31500341as,full70,0.0,0.8,0,64.523809522,99.325366601,-4.0476190510000265,-0.028008983000006538,True,/root/autodl-tmp/StreamDFP/hi7_example/phase3b7_st31500341as_full70_q00_s08_r0_qwen35p20k_D10_H05000_i10.csv
st31500341as,full70,0.0,0.8,1,64.523809522,99.325366601,-4.0476190510000265,-0.028008983000006538,True,/root/autodl-tmp/StreamDFP/hi7_example/phase3b7_st31500341as_full70_q00_s08_r1_qwen35p20k_D10_H05000_i10.csv
st31500341as,full70,0.35,0.8,0,64.523809522,99.325366601,-4.0476190510000265,-0.028008983000006538,True,/root/autodl-tmp/StreamDFP/hi7_example/phase3b7_st31500341as_full70_q35_s08_r0_qwen35p20k_D10_H05000_i10.csv
st31500341as,full70,0.35,0.8,1,64.523809522,99.325366601,-4.0476190510000265,-0.028008983000006538,True,/root/autodl-tmp/StreamDFP/hi7_example/phase3b7_st31500341as_full70_q35_s08_r1_qwen35p20k_D10_H05000_i10.csv
st31500341as,full70,0.55,0.0,0,64.523809522,99.325366601,-4.0476190510000265,-0.028008983000006538,True,/root/autodl-tmp/StreamDFP/hi7_example/phase3b7_st31500341as_full70_q55_s00_r0_qwen35p20k_D10_H05000_i10.csv
st31500341as,full70,0.55,0.0,1,64.523809522,99.325366601,-4.0476190510000265,-0.028008983000006538,True,/root/autodl-tmp/StreamDFP/hi7_example/phase3b7_st31500341as_full70_q55_s00_r1_qwen35p20k_D10_H05000_i10.csv
st31500341as,full70,0.55,0.8,0,64.523809522,99.325366601,-4.0476190510000265,-0.028008983000006538,True,/root/autodl-tmp/StreamDFP/hi7_example/phase3b7_st31500341as_full70_q55_s08_r0_qwen35p20k_D10_H05000_i10.csv
st31500341as,full70,0.55,0.8,1,64.523809522,99.325366601,-4.0476190510000265,-0.028008983000006538,True,/root/autodl-tmp/StreamDFP/hi7_example/phase3b7_st31500341as_full70_q55_s08_r1_qwen35p20k_D10_H05000_i10.csv
st31500341as,compact14,0.0,0.8,0,62.38095238200001,99.29727538099999,-6.190476191000009,-0.05610020300001395,True,/root/autodl-tmp/StreamDFP/hi7_example/phase3b7_st31500341as_compact14_q00_s08_r0_qwen35p20k_D10_H05000_i10.csv
st31500341as,compact14,0.0,0.8,1,62.38095238200001,99.29727538099999,-6.190476191000009,-0.05610020300001395,True,/root/autodl-tmp/StreamDFP/hi7_example/phase3b7_st31500341as_compact14_q00_s08_r1_qwen35p20k_D10_H05000_i10.csv
st31500341as,compact14,0.35,0.8,0,62.38095238200001,99.29727538099999,-6.190476191000009,-0.05610020300001395,True,/root/autodl-tmp/StreamDFP/hi7_example/phase3b7_st31500341as_compact14_q35_s08_r0_qwen35p20k_D10_H05000_i10.csv
st31500341as,compact14,0.35,0.8,1,62.38095238200001,99.29727538099999,-6.190476191000009,-0.05610020300001395,True,/root/autodl-tmp/StreamDFP/hi7_example/phase3b7_st31500341as_compact14_q35_s08_r1_qwen35p20k_D10_H05000_i10.csv
st31500341as,compact14,0.55,0.8,0,62.38095238200001,99.29727538099999,-6.190476191000009,-0.05610020300001395,True,/root/autodl-tmp/StreamDFP/hi7_example/phase3b7_st31500341as_compact14_q55_s08_r0_qwen35p20k_D10_H05000_i10.csv
st31500341as,compact14,0.55,0.8,1,62.38095238200001,99.29727538099999,-6.190476191000009,-0.05610020300001395,True,/root/autodl-tmp/StreamDFP/hi7_example/phase3b7_st31500341as_compact14_q55_s08_r1_qwen35p20k_D10_H05000_i10.csv
st31500341as,full70,0.0,0.0,0,61.428571426999994,99.26926550799999,-7.142857146000026,-0.08411007600001597,True,/root/autodl-tmp/StreamDFP/hi7_example/phase3b7_st31500341as_full70_q00_s00_r0_qwen35p20k_D10_H05000_i10.csv
st31500341as,full70,0.0,0.0,1,61.428571426999994,99.26926550799999,-7.142857146000026,-0.08411007600001597,True,/root/autodl-tmp/StreamDFP/hi7_example/phase3b7_st31500341as_full70_q00_s00_r1_qwen35p20k_D10_H05000_i10.csv
st31500341as,full70,0.35,0.0,0,61.428571426999994,99.26926550799999,-7.142857146000026,-0.08411007600001597,True,/root/autodl-tmp/StreamDFP/hi7_example/phase3b7_st31500341as_full70_q35_s00_r0_qwen35p20k_D10_H05000_i10.csv
st31500341as,full70,0.35,0.0,1,61.428571426999994,99.26926550799999,-7.142857146000026,-0.08411007600001597,True,/root/autodl-tmp/StreamDFP/hi7_example/phase3b7_st31500341as_full70_q35_s00_r1_qwen35p20k_D10_H05000_i10.csv
st31500341as,compact9,0.0,0.0,0,58.57142857,99.213480925,-10.000000003000018,-0.13989465900000653,True,/root/autodl-tmp/StreamDFP/hi7_example/phase3b7_st31500341as_compact9_q00_s00_r0_qwen35p20k_D10_H05000_i10.csv
st31500341as,compact9,0.0,0.0,1,58.57142857,99.213480925,-10.000000003000018,-0.13989465900000653,True,/root/autodl-tmp/StreamDFP/hi7_example/phase3b7_st31500341as_compact9_q00_s00_r1_qwen35p20k_D10_H05000_i10.csv
st31500341as,compact9,0.35,0.0,0,58.57142857,99.213480925,-10.000000003000018,-0.13989465900000653,True,/root/autodl-tmp/StreamDFP/hi7_example/phase3b7_st31500341as_compact9_q35_s00_r0_qwen35p20k_D10_H05000_i10.csv
st31500341as,compact9,0.35,0.0,1,58.57142857,99.213480925,-10.000000003000018,-0.13989465900000653,True,/root/autodl-tmp/StreamDFP/hi7_example/phase3b7_st31500341as_compact9_q35_s00_r1_qwen35p20k_D10_H05000_i10.csv
st31500341as,compact9,0.55,0.0,0,58.57142857,99.213480925,-10.000000003000018,-0.13989465900000653,True,/root/autodl-tmp/StreamDFP/hi7_example/phase3b7_st31500341as_compact9_q55_s00_r0_qwen35p20k_D10_H05000_i10.csv
st31500341as,compact9,0.55,0.0,1,58.57142857,99.213480925,-10.000000003000018,-0.13989465900000653,True,/root/autodl-tmp/StreamDFP/hi7_example/phase3b7_st31500341as_compact9_q55_s00_r1_qwen35p20k_D10_H05000_i10.csv
st31500341as,compact14,0.0,0.0,0,56.904761904,99.18523233799999,-11.666666669000023,-0.16814324600001385,True,/root/autodl-tmp/StreamDFP/hi7_example/phase3b7_st31500341as_compact14_q00_s00_r0_qwen35p20k_D10_H05000_i10.csv
st31500341as,compact14,0.0,0.0,1,56.904761904,99.18523233799999,-11.666666669000023,-0.16814324600001385,True,/root/autodl-tmp/StreamDFP/hi7_example/phase3b7_st31500341as_compact14_q00_s00_r1_qwen35p20k_D10_H05000_i10.csv
st31500341as,compact14,0.35,0.0,0,56.904761904,99.18523233799999,-11.666666669000023,-0.16814324600001385,True,/root/autodl-tmp/StreamDFP/hi7_example/phase3b7_st31500341as_compact14_q35_s00_r0_qwen35p20k_D10_H05000_i10.csv
st31500341as,compact14,0.35,0.0,1,56.904761904,99.18523233799999,-11.666666669000023,-0.16814324600001385,True,/root/autodl-tmp/StreamDFP/hi7_example/phase3b7_st31500341as_compact14_q35_s00_r1_qwen35p20k_D10_H05000_i10.csv
st31500341as,compact14,0.55,0.0,0,56.904761904,99.18523233799999,-11.666666669000023,-0.16814324600001385,True,/root/autodl-tmp/StreamDFP/hi7_example/phase3b7_st31500341as_compact14_q55_s00_r0_qwen35p20k_D10_H05000_i10.csv
st31500341as,compact14,0.55,0.0,1,56.904761904,99.18523233799999,-11.666666669000023,-0.16814324600001385,True,/root/autodl-tmp/StreamDFP/hi7_example/phase3b7_st31500341as_compact14_q55_s00_r1_qwen35p20k_D10_H05000_i10.csv
st4000dm000,compact14,0.0,0.0,0,54.100508187,99.913700437,-3.80434782599999,0.03418688600000053,True,/root/autodl-tmp/StreamDFP/hi7_example/phase3b7_st4000dm000_compact14_q00_s00_r0_qwen35p20k_D10_H05000_i10.csv
st4000dm000,compact14,0.0,0.0,1,54.100508187,99.913700437,-3.80434782599999,0.03418688600000053,True,/root/autodl-tmp/StreamDFP/hi7_example/phase3b7_st4000dm000_compact14_q00_s00_r1_qwen35p20k_D10_H05000_i10.csv
st4000dm000,compact14,0.0,0.8,0,54.100508187,99.913700437,-3.80434782599999,0.03418688600000053,True,/root/autodl-tmp/StreamDFP/hi7_example/phase3b7_st4000dm000_compact14_q00_s08_r0_qwen35p20k_D10_H05000_i10.csv
st4000dm000,compact14,0.0,0.8,1,54.100508187,99.913700437,-3.80434782599999,0.03418688600000053,True,/root/autodl-tmp/StreamDFP/hi7_example/phase3b7_st4000dm000_compact14_q00_s08_r1_qwen35p20k_D10_H05000_i10.csv
st4000dm000,compact14,0.35,0.0,0,54.100508187,99.913700437,-3.80434782599999,0.03418688600000053,True,/root/autodl-tmp/StreamDFP/hi7_example/phase3b7_st4000dm000_compact14_q35_s00_r0_qwen35p20k_D10_H05000_i10.csv
st4000dm000,compact14,0.35,0.0,1,54.100508187,99.913700437,-3.80434782599999,0.03418688600000053,True,/root/autodl-tmp/StreamDFP/hi7_example/phase3b7_st4000dm000_compact14_q35_s00_r1_qwen35p20k_D10_H05000_i10.csv
st4000dm000,compact14,0.35,0.8,0,54.100508187,99.913700437,-3.80434782599999,0.03418688600000053,True,/root/autodl-tmp/StreamDFP/hi7_example/phase3b7_st4000dm000_compact14_q35_s08_r0_qwen35p20k_D10_H05000_i10.csv
st4000dm000,compact14,0.35,0.8,1,54.100508187,99.913700437,-3.80434782599999,0.03418688600000053,True,/root/autodl-tmp/StreamDFP/hi7_example/phase3b7_st4000dm000_compact14_q35_s08_r1_qwen35p20k_D10_H05000_i10.csv
st4000dm000,compact14,0.55,0.0,0,54.100508187,99.913700437,-3.80434782599999,0.03418688600000053,True,/root/autodl-tmp/StreamDFP/hi7_example/phase3b7_st4000dm000_compact14_q55_s00_r0_qwen35p20k_D10_H05000_i10.csv
st4000dm000,compact14,0.55,0.0,1,54.100508187,99.913700437,-3.80434782599999,0.03418688600000053,True,/root/autodl-tmp/StreamDFP/hi7_example/phase3b7_st4000dm000_compact14_q55_s00_r1_qwen35p20k_D10_H05000_i10.csv
st4000dm000,compact14,0.55,0.8,0,54.100508187,99.913700437,-3.80434782599999,0.03418688600000053,True,/root/autodl-tmp/StreamDFP/hi7_example/phase3b7_st4000dm000_compact14_q55_s08_r0_qwen35p20k_D10_H05000_i10.csv
st4000dm000,compact14,0.55,0.8,1,54.100508187,99.913700437,-3.80434782599999,0.03418688600000053,True,/root/autodl-tmp/StreamDFP/hi7_example/phase3b7_st4000dm000_compact14_q55_s08_r1_qwen35p20k_D10_H05000_i10.csv
st4000dm000,compact9,0.0,0.0,0,46.591003199,99.880366852,-11.313852813999993,0.000853300999992257,True,/root/autodl-tmp/StreamDFP/hi7_example/phase3b7_st4000dm000_compact9_q00_s00_r0_qwen35p20k_D10_H05000_i10.csv
st4000dm000,compact9,0.0,0.0,1,46.591003199,99.880366852,-11.313852813999993,0.000853300999992257,True,/root/autodl-tmp/StreamDFP/hi7_example/phase3b7_st4000dm000_compact9_q00_s00_r1_qwen35p20k_D10_H05000_i10.csv
st4000dm000,compact9,0.0,0.8,0,46.591003199,99.880366852,-11.313852813999993,0.000853300999992257,True,/root/autodl-tmp/StreamDFP/hi7_example/phase3b7_st4000dm000_compact9_q00_s08_r0_qwen35p20k_D10_H05000_i10.csv
st4000dm000,compact9,0.0,0.8,1,46.591003199,99.880366852,-11.313852813999993,0.000853300999992257,True,/root/autodl-tmp/StreamDFP/hi7_example/phase3b7_st4000dm000_compact9_q00_s08_r1_qwen35p20k_D10_H05000_i10.csv
st4000dm000,compact9,0.35,0.0,0,46.591003199,99.880366852,-11.313852813999993,0.000853300999992257,True,/root/autodl-tmp/StreamDFP/hi7_example/phase3b7_st4000dm000_compact9_q35_s00_r0_qwen35p20k_D10_H05000_i10.csv
st4000dm000,compact9,0.35,0.0,1,46.591003199,99.880366852,-11.313852813999993,0.000853300999992257,True,/root/autodl-tmp/StreamDFP/hi7_example/phase3b7_st4000dm000_compact9_q35_s00_r1_qwen35p20k_D10_H05000_i10.csv
st4000dm000,compact9,0.35,0.8,0,46.591003199,99.880366852,-11.313852813999993,0.000853300999992257,True,/root/autodl-tmp/StreamDFP/hi7_example/phase3b7_st4000dm000_compact9_q35_s08_r0_qwen35p20k_D10_H05000_i10.csv
st4000dm000,compact9,0.35,0.8,1,46.591003199,99.880366852,-11.313852813999993,0.000853300999992257,True,/root/autodl-tmp/StreamDFP/hi7_example/phase3b7_st4000dm000_compact9_q35_s08_r1_qwen35p20k_D10_H05000_i10.csv
st4000dm000,compact9,0.55,0.0,0,46.591003199,99.880366852,-11.313852813999993,0.000853300999992257,True,/root/autodl-tmp/StreamDFP/hi7_example/phase3b7_st4000dm000_compact9_q55_s00_r0_qwen35p20k_D10_H05000_i10.csv
st4000dm000,compact9,0.55,0.0,1,46.591003199,99.880366852,-11.313852813999993,0.000853300999992257,True,/root/autodl-tmp/StreamDFP/hi7_example/phase3b7_st4000dm000_compact9_q55_s00_r1_qwen35p20k_D10_H05000_i10.csv
st4000dm000,compact9,0.55,0.8,0,46.591003199,99.880366852,-11.313852813999993,0.000853300999992257,True,/root/autodl-tmp/StreamDFP/hi7_example/phase3b7_st4000dm000_compact9_q55_s08_r0_qwen35p20k_D10_H05000_i10.csv
st4000dm000,compact9,0.55,0.8,1,46.591003199,99.880366852,-11.313852813999993,0.000853300999992257,True,/root/autodl-tmp/StreamDFP/hi7_example/phase3b7_st4000dm000_compact9_q55_s08_r1_qwen35p20k_D10_H05000_i10.csv
st4000dm000,full70,0.0,0.0,0,38.482307547000005,99.88478546799999,-19.422548465999988,0.005271916999987525,True,/root/autodl-tmp/StreamDFP/hi7_example/phase3b7_st4000dm000_full70_q00_s00_r0_qwen35p20k_D10_H05000_i10.csv
st4000dm000,full70,0.0,0.0,1,38.482307547000005,99.88478546799999,-19.422548465999988,0.005271916999987525,True,/root/autodl-tmp/StreamDFP/hi7_example/phase3b7_st4000dm000_full70_q00_s00_r1_qwen35p20k_D10_H05000_i10.csv
st4000dm000,full70,0.0,0.8,0,38.482307547000005,99.88478546799999,-19.422548465999988,0.005271916999987525,True,/root/autodl-tmp/StreamDFP/hi7_example/phase3b7_st4000dm000_full70_q00_s08_r0_qwen35p20k_D10_H05000_i10.csv
st4000dm000,full70,0.0,0.8,1,38.482307547000005,99.88478546799999,-19.422548465999988,0.005271916999987525,True,/root/autodl-tmp/StreamDFP/hi7_example/phase3b7_st4000dm000_full70_q00_s08_r1_qwen35p20k_D10_H05000_i10.csv
st4000dm000,full70,0.35,0.0,0,38.482307547000005,99.88478546799999,-19.422548465999988,0.005271916999987525,True,/root/autodl-tmp/StreamDFP/hi7_example/phase3b7_st4000dm000_full70_q35_s00_r0_qwen35p20k_D10_H05000_i10.csv
st4000dm000,full70,0.35,0.0,1,38.482307547000005,99.88478546799999,-19.422548465999988,0.005271916999987525,True,/root/autodl-tmp/StreamDFP/hi7_example/phase3b7_st4000dm000_full70_q35_s00_r1_qwen35p20k_D10_H05000_i10.csv
st4000dm000,full70,0.35,0.8,0,38.482307547000005,99.88478546799999,-19.422548465999988,0.005271916999987525,True,/root/autodl-tmp/StreamDFP/hi7_example/phase3b7_st4000dm000_full70_q35_s08_r0_qwen35p20k_D10_H05000_i10.csv
st4000dm000,full70,0.35,0.8,1,38.482307547000005,99.88478546799999,-19.422548465999988,0.005271916999987525,True,/root/autodl-tmp/StreamDFP/hi7_example/phase3b7_st4000dm000_full70_q35_s08_r1_qwen35p20k_D10_H05000_i10.csv
st4000dm000,full70,0.55,0.0,0,38.482307547000005,99.88478546799999,-19.422548465999988,0.005271916999987525,True,/root/autodl-tmp/StreamDFP/hi7_example/phase3b7_st4000dm000_full70_q55_s00_r0_qwen35p20k_D10_H05000_i10.csv
st4000dm000,full70,0.55,0.0,1,38.482307547000005,99.88478546799999,-19.422548465999988,0.005271916999987525,True,/root/autodl-tmp/StreamDFP/hi7_example/phase3b7_st4000dm000_full70_q55_s00_r1_qwen35p20k_D10_H05000_i10.csv
st4000dm000,full70,0.55,0.8,0,38.482307547000005,99.88478546799999,-19.422548465999988,0.005271916999987525,True,/root/autodl-tmp/StreamDFP/hi7_example/phase3b7_st4000dm000_full70_q55_s08_r0_qwen35p20k_D10_H05000_i10.csv
st4000dm000,full70,0.55,0.8,1,38.482307547000005,99.88478546799999,-19.422548465999988,0.005271916999987525,True,/root/autodl-tmp/StreamDFP/hi7_example/phase3b7_st4000dm000_full70_q55_s08_r1_qwen35p20k_D10_H05000_i10.csv
wdcwd10eads,compact9,0.0,0.0,0,0.0,99.78902954,-90.0,-0.18987341400000446,True,/root/autodl-tmp/StreamDFP/hi7_example/phase3b7_wdcwd10eads_compact9_q00_s00_r0_qwen35p20k_D10_H05000_i10.csv
wdcwd10eads,compact9,0.0,0.0,1,0.0,99.78902954,-90.0,-0.18987341400000446,True,/root/autodl-tmp/StreamDFP/hi7_example/phase3b7_wdcwd10eads_compact9_q00_s00_r1_qwen35p20k_D10_H05000_i10.csv
wdcwd10eads,compact9,0.0,0.8,0,0.0,99.78902954,-90.0,-0.18987341400000446,True,/root/autodl-tmp/StreamDFP/hi7_example/phase3b7_wdcwd10eads_compact9_q00_s08_r0_qwen35p20k_D10_H05000_i10.csv
wdcwd10eads,compact9,0.0,0.8,1,0.0,99.78902954,-90.0,-0.18987341400000446,True,/root/autodl-tmp/StreamDFP/hi7_example/phase3b7_wdcwd10eads_compact9_q00_s08_r1_qwen35p20k_D10_H05000_i10.csv
wdcwd10eads,compact9,0.35,0.0,0,0.0,99.78902954,-90.0,-0.18987341400000446,True,/root/autodl-tmp/StreamDFP/hi7_example/phase3b7_wdcwd10eads_compact9_q35_s00_r0_qwen35p20k_D10_H05000_i10.csv
wdcwd10eads,compact9,0.35,0.0,1,0.0,99.78902954,-90.0,-0.18987341400000446,True,/root/autodl-tmp/StreamDFP/hi7_example/phase3b7_wdcwd10eads_compact9_q35_s00_r1_qwen35p20k_D10_H05000_i10.csv
wdcwd10eads,compact9,0.35,0.8,0,0.0,99.78902954,-90.0,-0.18987341400000446,True,/root/autodl-tmp/StreamDFP/hi7_example/phase3b7_wdcwd10eads_compact9_q35_s08_r0_qwen35p20k_D10_H05000_i10.csv
wdcwd10eads,compact9,0.35,0.8,1,0.0,99.78902954,-90.0,-0.18987341400000446,True,/root/autodl-tmp/StreamDFP/hi7_example/phase3b7_wdcwd10eads_compact9_q35_s08_r1_qwen35p20k_D10_H05000_i10.csv
wdcwd10eads,compact9,0.55,0.0,0,0.0,99.78902954,-90.0,-0.18987341400000446,True,/root/autodl-tmp/StreamDFP/hi7_example/phase3b7_wdcwd10eads_compact9_q55_s00_r0_qwen35p20k_D10_H05000_i10.csv
wdcwd10eads,compact9,0.55,0.0,1,0.0,99.78902954,-90.0,-0.18987341400000446,True,/root/autodl-tmp/StreamDFP/hi7_example/phase3b7_wdcwd10eads_compact9_q55_s00_r1_qwen35p20k_D10_H05000_i10.csv
wdcwd10eads,compact9,0.55,0.8,0,0.0,99.78902954,-90.0,-0.18987341400000446,True,/root/autodl-tmp/StreamDFP/hi7_example/phase3b7_wdcwd10eads_compact9_q55_s08_r0_qwen35p20k_D10_H05000_i10.csv
wdcwd10eads,compact9,0.55,0.8,1,0.0,99.78902954,-90.0,-0.18987341400000446,True,/root/autodl-tmp/StreamDFP/hi7_example/phase3b7_wdcwd10eads_compact9_q55_s08_r1_qwen35p20k_D10_H05000_i10.csv
wdcwd10eads,full70,0.0,0.0,0,0.0,99.78902954,-90.0,-0.18987341400000446,True,/root/autodl-tmp/StreamDFP/hi7_example/phase3b7_wdcwd10eads_full70_q00_s00_r0_qwen35p20k_D10_H05000_i10.csv
wdcwd10eads,full70,0.0,0.0,1,0.0,99.78902954,-90.0,-0.18987341400000446,True,/root/autodl-tmp/StreamDFP/hi7_example/phase3b7_wdcwd10eads_full70_q00_s00_r1_qwen35p20k_D10_H05000_i10.csv
wdcwd10eads,full70,0.0,0.8,0,0.0,99.78902954,-90.0,-0.18987341400000446,True,/root/autodl-tmp/StreamDFP/hi7_example/phase3b7_wdcwd10eads_full70_q00_s08_r0_qwen35p20k_D10_H05000_i10.csv
wdcwd10eads,full70,0.0,0.8,1,0.0,99.78902954,-90.0,-0.18987341400000446,True,/root/autodl-tmp/StreamDFP/hi7_example/phase3b7_wdcwd10eads_full70_q00_s08_r1_qwen35p20k_D10_H05000_i10.csv
wdcwd10eads,full70,0.35,0.0,0,0.0,99.78902954,-90.0,-0.18987341400000446,True,/root/autodl-tmp/StreamDFP/hi7_example/phase3b7_wdcwd10eads_full70_q35_s00_r0_qwen35p20k_D10_H05000_i10.csv
wdcwd10eads,full70,0.35,0.0,1,0.0,99.78902954,-90.0,-0.18987341400000446,True,/root/autodl-tmp/StreamDFP/hi7_example/phase3b7_wdcwd10eads_full70_q35_s00_r1_qwen35p20k_D10_H05000_i10.csv
wdcwd10eads,full70,0.35,0.8,0,0.0,99.78902954,-90.0,-0.18987341400000446,True,/root/autodl-tmp/StreamDFP/hi7_example/phase3b7_wdcwd10eads_full70_q35_s08_r0_qwen35p20k_D10_H05000_i10.csv
wdcwd10eads,full70,0.35,0.8,1,0.0,99.78902954,-90.0,-0.18987341400000446,True,/root/autodl-tmp/StreamDFP/hi7_example/phase3b7_wdcwd10eads_full70_q35_s08_r1_qwen35p20k_D10_H05000_i10.csv
wdcwd10eads,full70,0.55,0.0,0,0.0,99.78902954,-90.0,-0.18987341400000446,True,/root/autodl-tmp/StreamDFP/hi7_example/phase3b7_wdcwd10eads_full70_q55_s00_r0_qwen35p20k_D10_H05000_i10.csv
wdcwd10eads,full70,0.55,0.0,1,0.0,99.78902954,-90.0,-0.18987341400000446,True,/root/autodl-tmp/StreamDFP/hi7_example/phase3b7_wdcwd10eads_full70_q55_s00_r1_qwen35p20k_D10_H05000_i10.csv
wdcwd10eads,full70,0.55,0.8,0,0.0,99.78902954,-90.0,-0.18987341400000446,True,/root/autodl-tmp/StreamDFP/hi7_example/phase3b7_wdcwd10eads_full70_q55_s08_r0_qwen35p20k_D10_H05000_i10.csv
wdcwd10eads,full70,0.55,0.8,1,0.0,99.78902954,-90.0,-0.18987341400000446,True,/root/autodl-tmp/StreamDFP/hi7_example/phase3b7_wdcwd10eads_full70_q55_s08_r1_qwen35p20k_D10_H05000_i10.csv
wdcwd10eads,compact14,0.0,0.0,0,0.0,99.62025316399999,-90.0,-0.3586497900000154,True,/root/autodl-tmp/StreamDFP/hi7_example/phase3b7_wdcwd10eads_compact14_q00_s00_r0_qwen35p20k_D10_H05000_i10.csv
wdcwd10eads,compact14,0.0,0.0,1,0.0,99.62025316399999,-90.0,-0.3586497900000154,True,/root/autodl-tmp/StreamDFP/hi7_example/phase3b7_wdcwd10eads_compact14_q00_s00_r1_qwen35p20k_D10_H05000_i10.csv
wdcwd10eads,compact14,0.0,0.8,0,0.0,99.62025316399999,-90.0,-0.3586497900000154,True,/root/autodl-tmp/StreamDFP/hi7_example/phase3b7_wdcwd10eads_compact14_q00_s08_r0_qwen35p20k_D10_H05000_i10.csv
wdcwd10eads,compact14,0.0,0.8,1,0.0,99.62025316399999,-90.0,-0.3586497900000154,True,/root/autodl-tmp/StreamDFP/hi7_example/phase3b7_wdcwd10eads_compact14_q00_s08_r1_qwen35p20k_D10_H05000_i10.csv
wdcwd10eads,compact14,0.35,0.0,0,0.0,99.62025316399999,-90.0,-0.3586497900000154,True,/root/autodl-tmp/StreamDFP/hi7_example/phase3b7_wdcwd10eads_compact14_q35_s00_r0_qwen35p20k_D10_H05000_i10.csv
wdcwd10eads,compact14,0.35,0.0,1,0.0,99.62025316399999,-90.0,-0.3586497900000154,True,/root/autodl-tmp/StreamDFP/hi7_example/phase3b7_wdcwd10eads_compact14_q35_s00_r1_qwen35p20k_D10_H05000_i10.csv
wdcwd10eads,compact14,0.35,0.8,0,0.0,99.62025316399999,-90.0,-0.3586497900000154,True,/root/autodl-tmp/StreamDFP/hi7_example/phase3b7_wdcwd10eads_compact14_q35_s08_r0_qwen35p20k_D10_H05000_i10.csv
wdcwd10eads,compact14,0.35,0.8,1,0.0,99.62025316399999,-90.0,-0.3586497900000154,True,/root/autodl-tmp/StreamDFP/hi7_example/phase3b7_wdcwd10eads_compact14_q35_s08_r1_qwen35p20k_D10_H05000_i10.csv
wdcwd10eads,compact14,0.55,0.0,0,0.0,99.62025316399999,-90.0,-0.3586497900000154,True,/root/autodl-tmp/StreamDFP/hi7_example/phase3b7_wdcwd10eads_compact14_q55_s00_r0_qwen35p20k_D10_H05000_i10.csv
wdcwd10eads,compact14,0.55,0.0,1,0.0,99.62025316399999,-90.0,-0.3586497900000154,True,/root/autodl-tmp/StreamDFP/hi7_example/phase3b7_wdcwd10eads_compact14_q55_s00_r1_qwen35p20k_D10_H05000_i10.csv
wdcwd10eads,compact14,0.55,0.8,0,0.0,99.62025316399999,-90.0,-0.3586497900000154,True,/root/autodl-tmp/StreamDFP/hi7_example/phase3b7_wdcwd10eads_compact14_q55_s08_r0_qwen35p20k_D10_H05000_i10.csv
wdcwd10eads,compact14,0.55,0.8,1,0.0,99.62025316399999,-90.0,-0.3586497900000154,True,/root/autodl-tmp/StreamDFP/hi7_example/phase3b7_wdcwd10eads_compact14_q55_s08_r1_qwen35p20k_D10_H05000_i10.csv
wdcwd30efrx,compact14,0.0,0.0,0,30.0,99.90029907499999,30.0,0.04233303799999533,True,/root/autodl-tmp/StreamDFP/hi7_example/phase3b7_wdcwd30efrx_compact14_q00_s00_r0_qwen35p20k_D10_H05000_i10.csv
wdcwd30efrx,compact14,0.0,0.0,1,30.0,99.90029907499999,30.0,0.04233303799999533,True,/root/autodl-tmp/StreamDFP/hi7_example/phase3b7_wdcwd30efrx_compact14_q00_s00_r1_qwen35p20k_D10_H05000_i10.csv
wdcwd30efrx,compact14,0.0,0.8,0,30.0,99.90029907499999,30.0,0.04233303799999533,True,/root/autodl-tmp/StreamDFP/hi7_example/phase3b7_wdcwd30efrx_compact14_q00_s08_r0_qwen35p20k_D10_H05000_i10.csv
wdcwd30efrx,compact14,0.0,0.8,1,30.0,99.90029907499999,30.0,0.04233303799999533,True,/root/autodl-tmp/StreamDFP/hi7_example/phase3b7_wdcwd30efrx_compact14_q00_s08_r1_qwen35p20k_D10_H05000_i10.csv
wdcwd30efrx,compact14,0.35,0.0,0,30.0,99.90029907499999,30.0,0.04233303799999533,True,/root/autodl-tmp/StreamDFP/hi7_example/phase3b7_wdcwd30efrx_compact14_q35_s00_r0_qwen35p20k_D10_H05000_i10.csv
wdcwd30efrx,compact14,0.35,0.0,1,30.0,99.90029907499999,30.0,0.04233303799999533,True,/root/autodl-tmp/StreamDFP/hi7_example/phase3b7_wdcwd30efrx_compact14_q35_s00_r1_qwen35p20k_D10_H05000_i10.csv
wdcwd30efrx,compact14,0.35,0.8,0,30.0,99.90029907499999,30.0,0.04233303799999533,True,/root/autodl-tmp/StreamDFP/hi7_example/phase3b7_wdcwd30efrx_compact14_q35_s08_r0_qwen35p20k_D10_H05000_i10.csv
wdcwd30efrx,compact14,0.35,0.8,1,30.0,99.90029907499999,30.0,0.04233303799999533,True,/root/autodl-tmp/StreamDFP/hi7_example/phase3b7_wdcwd30efrx_compact14_q35_s08_r1_qwen35p20k_D10_H05000_i10.csv
wdcwd30efrx,compact14,0.55,0.0,0,30.0,99.90029907499999,30.0,0.04233303799999533,True,/root/autodl-tmp/StreamDFP/hi7_example/phase3b7_wdcwd30efrx_compact14_q55_s00_r0_qwen35p20k_D10_H05000_i10.csv
wdcwd30efrx,compact14,0.55,0.0,1,30.0,99.90029907499999,30.0,0.04233303799999533,True,/root/autodl-tmp/StreamDFP/hi7_example/phase3b7_wdcwd30efrx_compact14_q55_s00_r1_qwen35p20k_D10_H05000_i10.csv
wdcwd30efrx,compact14,0.55,0.8,0,30.0,99.90029907499999,30.0,0.04233303799999533,True,/root/autodl-tmp/StreamDFP/hi7_example/phase3b7_wdcwd30efrx_compact14_q55_s08_r0_qwen35p20k_D10_H05000_i10.csv
wdcwd30efrx,compact14,0.55,0.8,1,30.0,99.90029907499999,30.0,0.04233303799999533,True,/root/autodl-tmp/StreamDFP/hi7_example/phase3b7_wdcwd30efrx_compact14_q55_s08_r1_qwen35p20k_D10_H05000_i10.csv
wdcwd30efrx,full70,0.0,0.0,0,20.0,99.787773467,20.0,-0.07019257000000323,True,/root/autodl-tmp/StreamDFP/hi7_example/phase3b7_wdcwd30efrx_full70_q00_s00_r0_qwen35p20k_D10_H05000_i10.csv
wdcwd30efrx,full70,0.0,0.0,1,20.0,99.787773467,20.0,-0.07019257000000323,True,/root/autodl-tmp/StreamDFP/hi7_example/phase3b7_wdcwd30efrx_full70_q00_s00_r1_qwen35p20k_D10_H05000_i10.csv
wdcwd30efrx,full70,0.0,0.8,0,20.0,99.787773467,20.0,-0.07019257000000323,True,/root/autodl-tmp/StreamDFP/hi7_example/phase3b7_wdcwd30efrx_full70_q00_s08_r0_qwen35p20k_D10_H05000_i10.csv
wdcwd30efrx,full70,0.0,0.8,1,20.0,99.787773467,20.0,-0.07019257000000323,True,/root/autodl-tmp/StreamDFP/hi7_example/phase3b7_wdcwd30efrx_full70_q00_s08_r1_qwen35p20k_D10_H05000_i10.csv
wdcwd30efrx,full70,0.35,0.0,0,20.0,99.787773467,20.0,-0.07019257000000323,True,/root/autodl-tmp/StreamDFP/hi7_example/phase3b7_wdcwd30efrx_full70_q35_s00_r0_qwen35p20k_D10_H05000_i10.csv
wdcwd30efrx,full70,0.35,0.0,1,20.0,99.787773467,20.0,-0.07019257000000323,True,/root/autodl-tmp/StreamDFP/hi7_example/phase3b7_wdcwd30efrx_full70_q35_s00_r1_qwen35p20k_D10_H05000_i10.csv
wdcwd30efrx,full70,0.35,0.8,0,20.0,99.787773467,20.0,-0.07019257000000323,True,/root/autodl-tmp/StreamDFP/hi7_example/phase3b7_wdcwd30efrx_full70_q35_s08_r0_qwen35p20k_D10_H05000_i10.csv
wdcwd30efrx,full70,0.35,0.8,1,20.0,99.787773467,20.0,-0.07019257000000323,True,/root/autodl-tmp/StreamDFP/hi7_example/phase3b7_wdcwd30efrx_full70_q35_s08_r1_qwen35p20k_D10_H05000_i10.csv
wdcwd30efrx,full70,0.55,0.0,0,20.0,99.787773467,20.0,-0.07019257000000323,True,/root/autodl-tmp/StreamDFP/hi7_example/phase3b7_wdcwd30efrx_full70_q55_s00_r0_qwen35p20k_D10_H05000_i10.csv
wdcwd30efrx,full70,0.55,0.0,1,20.0,99.787773467,20.0,-0.07019257000000323,True,/root/autodl-tmp/StreamDFP/hi7_example/phase3b7_wdcwd30efrx_full70_q55_s00_r1_qwen35p20k_D10_H05000_i10.csv
wdcwd30efrx,full70,0.55,0.8,0,20.0,99.787773467,20.0,-0.07019257000000323,True,/root/autodl-tmp/StreamDFP/hi7_example/phase3b7_wdcwd30efrx_full70_q55_s08_r0_qwen35p20k_D10_H05000_i10.csv
wdcwd30efrx,full70,0.55,0.8,1,20.0,99.787773467,20.0,-0.07019257000000323,True,/root/autodl-tmp/StreamDFP/hi7_example/phase3b7_wdcwd30efrx_full70_q55_s08_r1_qwen35p20k_D10_H05000_i10.csv
wdcwd30efrx,compact9,0.0,0.0,0,0.0,99.641511021,0.0,-0.2164550159999976,True,/root/autodl-tmp/StreamDFP/hi7_example/phase3b7_wdcwd30efrx_compact9_q00_s00_r0_qwen35p20k_D10_H05000_i10.csv
wdcwd30efrx,compact9,0.0,0.0,1,0.0,99.641511021,0.0,-0.2164550159999976,True,/root/autodl-tmp/StreamDFP/hi7_example/phase3b7_wdcwd30efrx_compact9_q00_s00_r1_qwen35p20k_D10_H05000_i10.csv
wdcwd30efrx,compact9,0.0,0.8,0,0.0,99.641511021,0.0,-0.2164550159999976,True,/root/autodl-tmp/StreamDFP/hi7_example/phase3b7_wdcwd30efrx_compact9_q00_s08_r0_qwen35p20k_D10_H05000_i10.csv
wdcwd30efrx,compact9,0.0,0.8,1,0.0,99.641511021,0.0,-0.2164550159999976,True,/root/autodl-tmp/StreamDFP/hi7_example/phase3b7_wdcwd30efrx_compact9_q00_s08_r1_qwen35p20k_D10_H05000_i10.csv
wdcwd30efrx,compact9,0.35,0.0,0,0.0,99.641511021,0.0,-0.2164550159999976,True,/root/autodl-tmp/StreamDFP/hi7_example/phase3b7_wdcwd30efrx_compact9_q35_s00_r0_qwen35p20k_D10_H05000_i10.csv
wdcwd30efrx,compact9,0.35,0.0,1,0.0,99.641511021,0.0,-0.2164550159999976,True,/root/autodl-tmp/StreamDFP/hi7_example/phase3b7_wdcwd30efrx_compact9_q35_s00_r1_qwen35p20k_D10_H05000_i10.csv
wdcwd30efrx,compact9,0.35,0.8,0,0.0,99.641511021,0.0,-0.2164550159999976,True,/root/autodl-tmp/StreamDFP/hi7_example/phase3b7_wdcwd30efrx_compact9_q35_s08_r0_qwen35p20k_D10_H05000_i10.csv
wdcwd30efrx,compact9,0.35,0.8,1,0.0,99.641511021,0.0,-0.2164550159999976,True,/root/autodl-tmp/StreamDFP/hi7_example/phase3b7_wdcwd30efrx_compact9_q35_s08_r1_qwen35p20k_D10_H05000_i10.csv
wdcwd30efrx,compact9,0.55,0.0,0,0.0,99.641511021,0.0,-0.2164550159999976,True,/root/autodl-tmp/StreamDFP/hi7_example/phase3b7_wdcwd30efrx_compact9_q55_s00_r0_qwen35p20k_D10_H05000_i10.csv
wdcwd30efrx,compact9,0.55,0.0,1,0.0,99.641511021,0.0,-0.2164550159999976,True,/root/autodl-tmp/StreamDFP/hi7_example/phase3b7_wdcwd30efrx_compact9_q55_s00_r1_qwen35p20k_D10_H05000_i10.csv
wdcwd30efrx,compact9,0.55,0.8,0,0.0,99.641511021,0.0,-0.2164550159999976,True,/root/autodl-tmp/StreamDFP/hi7_example/phase3b7_wdcwd30efrx_compact9_q55_s08_r0_qwen35p20k_D10_H05000_i10.csv
wdcwd30efrx,compact9,0.55,0.8,1,0.0,99.641511021,0.0,-0.2164550159999976,True,/root/autodl-tmp/StreamDFP/hi7_example/phase3b7_wdcwd30efrx_compact9_q55_s08_r1_qwen35p20k_D10_H05000_i10.csv
